symbol,action,price,date
MO,sell,42.03,2024-03-11 09:30:00
MO,sell,42.9288,2024-03-12 09:30:00
MO,buy,43.34,2024-03-13 09:30:00
MO,sell,43.55,2024-03-14 09:30:00
MO,buy,44.27,2024-03-15 09:30:00
MO,sell,43.87,2024-03-18 09:30:00
MO,buy,44.65,2024-03-19 09:30:00
MO,sell,44.74,2024-03-20 09:30:00
MO,sell,44.6799,2024-03-21 09:30:00
MO,buy,43.7801,2024-03-22 09:30:00
NOMD,sell,19.49,2024-03-11 09:30:00
NOMD,buy,19.69,2024-03-12 09:30:00
NOMD,sell,19.85,2024-03-13 09:30:00
NOMD,buy,19.86,2024-03-14 09:30:00
NOMD,buy,19.47,2024-03-15 09:30:00
NOMD,sell,19.59,2024-03-18 09:30:00
NOMD,sell,19.24,2024-03-19 09:30:00
NOMD,buy,19.81,2024-03-20 09:30:00
NOMD,sell,19.7535,2024-03-21 09:30:00
NOMD,buy,19.77,2024-03-22 09:30:00
STZ,sell,257.9331,2024-03-11 09:30:00
STZ,sell,261.67,2024-03-12 09:30:00
STZ,buy,263.04,2024-03-13 09:30:00
STZ,buy,262.244,2024-03-14 09:30:00
STZ,sell,260.47,2024-03-15 09:30:00
STZ,buy,266.79,2024-03-18 09:30:00
STZ,buy,267.0,2024-03-19 09:30:00
STZ,buy,268.6984,2024-03-20 09:30:00
STZ,sell,267.695,2024-03-21 09:30:00
STZ,buy,270.1,2024-03-22 09:30:00
UNFI,sell,11.89,2024-03-11 09:30:00
UNFI,buy,12.05,2024-03-12 09:30:00
UNFI,sell,11.9,2024-03-13 09:30:00
UNFI,buy,12.0,2024-03-14 09:30:00
UNFI,sell,11.67,2024-03-15 09:30:00
UNFI,sell,11.902,2024-03-18 09:30:00
UNFI,buy,11.94,2024-03-19 09:30:00
UNFI,buy,11.85,2024-03-20 09:30:00
UNFI,sell,12.055,2024-03-21 09:30:00
UNFI,buy,12.25,2024-03-22 09:30:00
BTI,buy,30.7499,2024-03-12 09:30:00
BTI,sell,30.69,2024-03-13 09:30:00
BTI,buy,30.755,2024-03-14 09:30:00
BTI,buy,30.43,2024-03-15 09:30:00
BTI,sell,30.43,2024-03-18 09:30:00
BTI,sell,30.96,2024-03-19 09:30:00
BTI,sell,30.52,2024-03-20 09:30:00
BTI,sell,30.29,2024-03-21 09:30:00
BTI,sell,30.25,2024-03-22 09:30:00
CL,buy,88.085,2024-03-11 09:30:00
CL,sell,88.04,2024-03-12 09:30:00
CL,buy,89.195,2024-03-13 09:30:00
CL,buy,88.88,2024-03-14 09:30:00
CL,sell,88.14,2024-03-15 09:30:00
CL,sell,88.47,2024-03-18 09:30:00
CL,sell,88.275,2024-03-19 09:30:00
CL,buy,88.77,2024-03-20 09:30:00
CL,sell,88.14,2024-03-21 09:30:00
CL,sell,89.015,2024-03-22 09:30:00
KLG,buy,14.58,2024-03-11 09:30:00
KLG,sell,14.54,2024-03-12 09:30:00
KLG,sell,15.48,2024-03-13 09:30:00
KLG,sell,15.8,2024-03-14 09:30:00
KLG,sell,15.9,2024-03-15 09:30:00
KLG,sell,16.78,2024-03-18 09:30:00
KLG,buy,17.01,2024-03-19 09:30:00
KLG,buy,17.55,2024-03-20 09:30:00
KLG,sell,17.35,2024-03-21 09:30:00
KLG,sell,17.97,2024-03-22 09:30:00
ACI,buy,20.81,2024-03-11 09:30:00
ACI,buy,20.91,2024-03-12 09:30:00
ACI,sell,20.885,2024-03-13 09:30:00
ACI,buy,20.93,2024-03-14 09:30:00
ACI,sell,20.55,2024-03-15 09:30:00
ACI,sell,20.7553,2024-03-18 09:30:00
ACI,sell,20.88,2024-03-19 09:30:00
ACI,sell,20.7075,2024-03-20 09:30:00
ACI,sell,20.96,2024-03-21 09:30:00
ACI,buy,20.97,2024-03-22 09:30:00
FMX,sell,121.24,2024-03-11 09:30:00
FMX,buy,123.03,2024-03-12 09:30:00
FMX,sell,121.85,2024-03-13 09:30:00
FMX,sell,123.98,2024-03-14 09:30:00
FMX,sell,124.38,2024-03-15 09:30:00
FMX,buy,128.49,2024-03-18 09:30:00
FMX,sell,126.9,2024-03-19 09:30:00
FMX,sell,125.96,2024-03-20 09:30:00
FMX,sell,129.12,2024-03-21 09:30:00
FMX,sell,129.78,2024-03-22 09:30:00
BGS,sell,11.19,2024-03-11 09:30:00
BGS,sell,11.29,2024-03-12 09:30:00
BGS,sell,11.1,2024-03-13 09:30:00
BGS,buy,11.2047,2024-03-14 09:30:00
BGS,buy,11.165,2024-03-15 09:30:00
BGS,buy,10.7,2024-03-18 09:30:00
BGS,sell,10.49,2024-03-19 09:30:00
BGS,sell,10.6,2024-03-20 09:30:00
BGS,sell,10.93,2024-03-21 09:30:00
BGS,buy,11.275,2024-03-22 09:30:00
DAR,sell,43.525,2024-03-11 09:30:00
DAR,buy,43.944,2024-03-12 09:30:00
DAR,sell,44.0,2024-03-13 09:30:00
DAR,buy,45.035,2024-03-14 09:30:00
DAR,sell,43.69,2024-03-15 09:30:00
DAR,sell,44.315,2024-03-18 09:30:00
DAR,sell,45.185,2024-03-19 09:30:00
DAR,sell,44.19,2024-03-20 09:30:00
DAR,sell,45.84,2024-03-21 09:30:00
DAR,buy,46.39,2024-03-22 09:30:00
DOLE,sell,11.58,2024-03-11 09:30:00
DOLE,sell,11.8,2024-03-12 09:30:00
DOLE,buy,11.84,2024-03-13 09:30:00
DOLE,buy,11.88,2024-03-14 09:30:00
DOLE,sell,11.6,2024-03-15 09:30:00
DOLE,sell,11.82,2024-03-18 09:30:00
DOLE,sell,11.97,2024-03-19 09:30:00
DOLE,buy,11.89,2024-03-20 09:30:00
DOLE,sell,11.86,2024-03-21 09:30:00
DOLE,buy,12.01,2024-03-22 09:30:00
FDP,buy,24.75,2024-03-11 09:30:00
FDP,sell,24.6,2024-03-12 09:30:00
FDP,sell,24.75,2024-03-13 09:30:00
FDP,buy,24.57,2024-03-14 09:30:00
FDP,sell,24.04,2024-03-15 09:30:00
FDP,sell,24.78,2024-03-18 09:30:00
FDP,sell,24.61,2024-03-19 09:30:00
FDP,buy,24.96,2024-03-20 09:30:00
FDP,buy,25.15,2024-03-21 09:30:00
FDP,buy,25.33,2024-03-22 09:30:00
GROV,buy,1.92,2024-03-12 09:30:00
GROV,sell,1.72,2024-03-14 09:30:00
GROV,sell,1.75,2024-03-15 09:30:00
ELF,buy,199.225,2024-03-11 09:30:00
ELF,sell,195.555,2024-03-12 09:30:00
ELF,buy,206.99,2024-03-13 09:30:00
ELF,buy,207.6,2024-03-14 09:30:00
ELF,sell,198.0,2024-03-15 09:30:00
ELF,buy,203.2,2024-03-18 09:30:00
ELF,buy,194.25,2024-03-19 09:30:00
ELF,sell,191.66,2024-03-20 09:30:00
ELF,sell,203.225,2024-03-21 09:30:00
ELF,buy,206.38,2024-03-22 09:30:00
KO,sell,59.78,2024-03-11 09:30:00
KO,sell,60.36,2024-03-12 09:30:00
KO,sell,60.84,2024-03-13 09:30:00
KO,buy,60.71,2024-03-14 09:30:00
KO,buy,60.34,2024-03-15 09:30:00
KO,sell,59.91,2024-03-18 09:30:00
KO,sell,60.1,2024-03-19 09:30:00
KO,sell,60.195,2024-03-20 09:30:00
KO,sell,60.4601,2024-03-21 09:30:00
KO,sell,60.46,2024-03-22 09:30:00
NUS,sell,12.636,2024-03-11 09:30:00
NUS,buy,13.17,2024-03-12 09:30:00
NUS,sell,13.1,2024-03-13 09:30:00
NUS,buy,13.2,2024-03-14 09:30:00
NUS,sell,12.72,2024-03-15 09:30:00
NUS,sell,13.22,2024-03-18 09:30:00
NUS,sell,12.87,2024-03-19 09:30:00
NUS,buy,12.56,2024-03-20 09:30:00
NUS,buy,12.785,2024-03-21 09:30:00
NUS,buy,12.69,2024-03-22 09:30:00
K,sell,53.705,2024-03-11 09:30:00
K,sell,53.93,2024-03-12 09:30:00
K,buy,54.13,2024-03-13 09:30:00
K,buy,53.79,2024-03-14 09:30:00
K,buy,52.89,2024-03-15 09:30:00
K,sell,53.495,2024-03-18 09:30:00
K,sell,54.71,2024-03-19 09:30:00
K,sell,55.43,2024-03-20 09:30:00
K,sell,54.92,2024-03-21 09:30:00
K,buy,56.04,2024-03-22 09:30:00
KVUE,sell,20.19,2024-03-12 09:30:00
KVUE,buy,20.29,2024-03-13 09:30:00
KVUE,buy,20.32,2024-03-14 09:30:00
KVUE,sell,20.0,2024-03-15 09:30:00
KVUE,sell,20.09,2024-03-18 09:30:00
KVUE,buy,20.345,2024-03-19 09:30:00
KVUE,sell,20.17,2024-03-20 09:30:00
KVUE,sell,20.58,2024-03-21 09:30:00
KVUE,buy,20.78,2024-03-22 09:30:00
PM,sell,92.89,2024-03-11 09:30:00
PM,buy,94.95,2024-03-12 09:30:00
PM,sell,94.995,2024-03-13 09:30:00
PM,buy,94.8,2024-03-14 09:30:00
PM,buy,93.63,2024-03-15 09:30:00
PM,sell,94.55,2024-03-18 09:30:00
PM,sell,95.515,2024-03-19 09:30:00
PM,sell,93.11,2024-03-20 09:30:00
PM,sell,93.36,2024-03-21 09:30:00
PM,buy,92.41,2024-03-22 09:30:00
DG,buy,158.07,2024-03-11 09:30:00
DG,sell,159.62,2024-03-12 09:31:00
DG,sell,155.04,2024-03-13 09:30:00
DG,buy,168.07,2024-03-14 09:30:00
DG,sell,149.81,2024-03-15 09:31:00
DG,sell,150.28,2024-03-18 09:32:00
DG,buy,156.32,2024-03-19 09:32:00
DG,sell,154.31,2024-03-20 09:31:00
DG,sell,155.8,2024-03-21 09:30:00
DG,buy,153.58,2024-03-22 09:30:00
CHD,sell,104.31,2024-03-11 09:30:00
CHD,sell,103.375,2024-03-12 09:30:00
CHD,buy,105.23,2024-03-13 09:30:00
CHD,buy,104.76,2024-03-14 09:30:00
CHD,sell,102.95,2024-03-15 09:30:00
CHD,sell,104.19,2024-03-18 09:30:00
CHD,sell,104.12,2024-03-19 09:30:00
CHD,buy,104.88,2024-03-20 09:30:00
CHD,sell,102.81,2024-03-21 09:30:00
CHD,sell,103.61,2024-03-22 09:30:00
BJ,buy,75.4,2024-03-11 09:30:00
BJ,buy,74.175,2024-03-12 09:30:00
BJ,sell,73.25,2024-03-13 09:30:00
BJ,buy,74.59,2024-03-14 09:30:00
BJ,sell,73.47,2024-03-15 09:30:00
BJ,sell,74.89,2024-03-18 09:30:00
BJ,sell,76.625,2024-03-19 09:30:00
BJ,buy,77.705,2024-03-20 09:30:00
BJ,sell,76.78,2024-03-21 09:30:00
BJ,sell,78.06,2024-03-22 09:30:00
CLX,buy,156.01,2024-03-11 09:30:00
CLX,sell,155.44,2024-03-12 09:30:00
CLX,buy,157.58,2024-03-13 09:30:00
CLX,buy,155.6,2024-03-14 09:30:00
CLX,sell,150.05,2024-03-15 09:30:00
CLX,buy,150.05,2024-03-18 09:30:00
CLX,sell,149.28,2024-03-19 09:30:00
CLX,buy,153.615,2024-03-20 09:30:00
CLX,buy,150.0,2024-03-21 09:30:00
CLX,sell,147.19,2024-03-22 09:30:00
ABEV,buy,2.57,2024-03-11 09:30:00
ABEV,buy,2.56,2024-03-12 09:30:00
ABEV,buy,2.535,2024-03-14 09:31:00
ABEV,buy,2.52,2024-03-15 09:30:00
ABEV,buy,2.5,2024-03-18 09:30:00
ABEV,sell,2.4601,2024-03-19 09:30:00
ABEV,buy,2.47,2024-03-20 09:30:00
ABEV,sell,2.49,2024-03-21 09:30:00
ABEV,buy,2.49,2024-03-22 09:30:00
DDL,sell,1.42,2024-03-11 09:30:00
DDL,sell,1.52,2024-03-12 09:30:00
DDL,buy,1.48,2024-03-13 09:30:00
DDL,buy,1.38,2024-03-14 09:30:00
DDL,buy,1.325,2024-03-15 09:30:00
DDL,buy,1.325,2024-03-18 09:30:00
DDL,buy,1.23,2024-03-19 09:30:00
DDL,buy,1.23,2024-03-21 09:30:00
DDL,buy,1.2,2024-03-22 09:30:00
BRBR,buy,59.345,2024-03-11 09:30:00
BRBR,sell,57.87,2024-03-12 09:30:00
BRBR,sell,59.23,2024-03-13 09:30:00
BRBR,buy,60.53,2024-03-14 09:30:00
BRBR,sell,59.075,2024-03-15 09:30:00
BRBR,sell,60.09,2024-03-18 09:30:00
BRBR,buy,60.695,2024-03-19 09:30:00
BRBR,buy,60.88,2024-03-20 09:30:00
BRBR,sell,60.18,2024-03-21 09:30:00
BRBR,buy,61.18,2024-03-22 09:30:00
RLX,sell,1.9,2024-03-11 09:30:00
RLX,buy,1.935,2024-03-12 09:30:00
RLX,sell,1.905,2024-03-13 09:30:00
RLX,buy,1.9394,2024-03-14 09:30:00
RLX,buy,1.96,2024-03-15 09:30:00
RLX,sell,1.89,2024-03-18 09:30:00
RLX,sell,1.91,2024-03-19 09:30:00
RLX,sell,1.95,2024-03-20 09:30:00
RLX,buy,2.0791,2024-03-21 09:30:00
RLX,buy,2.065,2024-03-22 09:30:00
EPC,buy,38.27,2024-03-11 09:30:00
EPC,sell,37.66,2024-03-12 09:30:00
EPC,buy,38.03,2024-03-13 09:30:00
EPC,buy,37.47,2024-03-14 09:30:00
EPC,sell,36.73,2024-03-15 09:30:00
EPC,sell,37.18,2024-03-18 09:30:00
EPC,buy,37.17,2024-03-19 09:30:00
EPC,sell,36.84,2024-03-20 09:30:00
EPC,sell,37.73,2024-03-22 09:30:00
AGRO,sell,10.1,2024-03-11 09:30:00
AGRO,buy,10.24,2024-03-12 09:30:00
AGRO,sell,10.18,2024-03-13 09:30:00
AGRO,buy,10.6,2024-03-14 09:30:00
AGRO,buy,10.35,2024-03-15 09:30:00
AGRO,sell,10.04,2024-03-18 09:30:00
AGRO,sell,10.45,2024-03-19 09:30:00
AGRO,sell,10.35,2024-03-20 09:30:00
AGRO,buy,10.6,2024-03-21 09:30:00
AGRO,sell,10.7,2024-03-22 09:30:00
HRL,buy,34.12,2024-03-11 09:30:00
HRL,sell,34.166,2024-03-12 09:30:00
HRL,buy,34.23,2024-03-13 09:30:00
HRL,buy,34.43,2024-03-14 09:30:00
HRL,buy,33.68,2024-03-15 09:30:00
HRL,sell,34.065,2024-03-18 09:30:00
HRL,buy,34.435,2024-03-19 09:30:00
HRL,buy,34.59,2024-03-20 09:30:00
HRL,sell,34.36,2024-03-21 09:30:00
HRL,sell,34.305,2024-03-22 09:30:00
BIG,buy,4.4109,2024-03-11 09:30:00
BIG,sell,4.08,2024-03-12 09:30:00
BIG,sell,4.0,2024-03-13 09:30:00
BIG,buy,3.979,2024-03-14 09:30:00
BIG,sell,3.75,2024-03-15 09:30:00
BIG,sell,3.76,2024-03-18 09:30:00
BIG,sell,3.64,2024-03-19 09:30:00
BIG,sell,3.6247,2024-03-20 09:30:00
BIG,sell,3.95,2024-03-21 09:30:00
BIG,buy,4.05,2024-03-22 09:30:00
ATGE,sell,50.0,2024-03-11 09:30:00
ATGE,sell,50.03,2024-03-12 09:30:00
ATGE,buy,49.94,2024-03-13 09:30:00
ATGE,buy,49.84,2024-03-14 09:30:00
ATGE,buy,48.78,2024-03-15 09:30:00
ATGE,sell,48.95,2024-03-18 09:30:00
ATGE,sell,49.0,2024-03-19 09:30:00
ATGE,buy,49.63,2024-03-20 09:30:00
ATGE,sell,49.59,2024-03-21 09:30:00
ATGE,sell,49.85,2024-03-22 09:30:00
BG,sell,92.49,2024-03-11 09:30:00
BG,buy,94.03,2024-03-12 09:30:00
BG,sell,93.965,2024-03-13 09:30:00
BG,buy,94.03,2024-03-14 09:30:00
BG,sell,94.12,2024-03-15 09:30:00
BG,sell,94.44,2024-03-18 09:30:00
BG,sell,96.85,2024-03-19 09:30:00
BG,sell,96.755,2024-03-20 09:30:00
BG,sell,98.11,2024-03-21 09:30:00
BG,buy,100.32,2024-03-22 09:30:00
TPB,sell,26.87,2024-03-11 09:30:00
TPB,buy,27.31,2024-03-12 09:30:00
TPB,sell,27.47,2024-03-13 09:30:00
TPB,buy,27.83,2024-03-14 09:30:00
TPB,sell,28.0,2024-03-18 09:30:00
TPB,sell,27.78,2024-03-19 09:30:00
TPB,sell,28.38,2024-03-20 09:30:00
TPB,sell,29.4,2024-03-21 09:30:00
KMB,buy,126.25,2024-03-11 09:31:00
KMB,sell,126.5,2024-03-12 09:30:00
KMB,buy,127.33,2024-03-13 09:30:00
KMB,buy,127.265,2024-03-14 09:30:00
KMB,sell,124.05,2024-03-15 09:30:00
KMB,sell,124.51,2024-03-18 09:30:00
KMB,sell,124.51,2024-03-19 09:30:00
KMB,buy,124.96,2024-03-20 09:30:00
KMB,sell,123.54,2024-03-21 09:30:00
KMB,sell,124.85,2024-03-22 09:30:00
TAL,sell,12.35,2024-03-11 09:30:00
TAL,sell,12.745,2024-03-12 09:30:00
TAL,sell,13.01,2024-03-13 09:30:00
TAL,buy,12.7,2024-03-14 09:30:00
TAL,buy,12.41,2024-03-15 09:30:00
TAL,buy,11.87,2024-03-18 09:30:00
TAL,buy,11.7,2024-03-19 09:30:00
TAL,buy,11.85,2024-03-20 09:30:00
TAL,sell,12.09,2024-03-21 09:30:00
TAL,buy,11.875,2024-03-22 09:30:00
CPB,sell,42.38,2024-03-11 09:30:00
CPB,sell,42.75,2024-03-12 09:30:00
CPB,buy,43.19,2024-03-13 09:30:00
CPB,buy,42.67,2024-03-14 09:30:00
CPB,sell,42.09,2024-03-15 09:30:00
CPB,sell,42.64,2024-03-18 09:30:00
CPB,buy,43.3175,2024-03-19 09:30:00
CPB,buy,43.965,2024-03-20 09:30:00
CPB,sell,42.99,2024-03-21 09:30:00
CPB,sell,43.4,2024-03-22 09:30:00
UTZ,sell,17.83,2024-03-11 09:30:00
UTZ,sell,17.765,2024-03-12 09:30:00
UTZ,buy,18.318,2024-03-13 09:30:00
UTZ,buy,18.29,2024-03-14 09:30:00
UTZ,sell,17.83,2024-03-15 09:30:00
UTZ,buy,18.175,2024-03-18 09:30:00
UTZ,sell,17.9,2024-03-19 09:30:00
UTZ,buy,18.73,2024-03-20 09:30:00
UTZ,sell,18.39,2024-03-21 09:30:00
UTZ,sell,18.39,2024-03-22 09:30:00
CAG,sell,28.13,2024-03-11 09:30:00
CAG,sell,28.43,2024-03-12 09:30:00
CAG,buy,28.54,2024-03-13 09:30:00
CAG,buy,28.31,2024-03-14 09:30:00
CAG,buy,28.03,2024-03-15 09:30:00
CAG,sell,28.1,2024-03-18 09:30:00
CAG,sell,28.2,2024-03-19 09:30:00
CAG,sell,29.155,2024-03-20 09:30:00
CAG,sell,28.7,2024-03-21 09:30:00
CAG,sell,28.96,2024-03-22 09:30:00
EDU,buy,89.9174,2024-03-11 09:30:00
EDU,sell,88.21,2024-03-12 09:30:00
EDU,sell,91.295,2024-03-13 09:30:00
EDU,sell,92.88,2024-03-14 09:30:00
EDU,buy,94.145,2024-03-15 09:30:00
EDU,sell,91.215,2024-03-18 09:30:00
EDU,buy,91.355,2024-03-19 09:30:00
EDU,sell,92.81,2024-03-20 09:30:00
EDU,sell,93.88,2024-03-21 09:30:00
EDU,buy,94.33,2024-03-22 09:30:00
TR,sell,32.08,2024-03-11 09:30:00
INGR,sell,117.26,2024-03-11 09:30:00
INGR,buy,117.39,2024-03-12 09:30:00
INGR,buy,118.115,2024-03-13 09:30:00
INGR,buy,117.0,2024-03-14 09:30:00
INGR,sell,114.89,2024-03-15 09:30:00
INGR,sell,114.67,2024-03-18 09:30:00
INGR,sell,115.54,2024-03-19 09:30:00
INGR,buy,117.17,2024-03-20 09:30:00
INGR,buy,116.54,2024-03-21 09:30:00
INGR,sell,116.18,2024-03-22 09:30:00
NAPA,sell,8.65,2024-03-11 09:30:00
NAPA,buy,9.09,2024-03-12 09:30:00
NAPA,sell,9.0,2024-03-13 09:30:00
NAPA,buy,9.155,2024-03-14 09:30:00
NAPA,buy,9.1,2024-03-15 09:30:00
NAPA,buy,9.03,2024-03-18 09:30:00
NAPA,sell,8.96,2024-03-19 09:30:00
NAPA,sell,8.99,2024-03-20 09:30:00
NAPA,buy,9.07,2024-03-21 09:30:00
NAPA,buy,9.06,2024-03-22 09:30:00
DAO,sell,3.99,2024-03-11 09:30:00
DAO,sell,4.09,2024-03-12 09:30:00
DAO,buy,4.4246,2024-03-14 09:30:00
DAO,buy,4.32,2024-03-15 09:30:00
DAO,sell,4.04,2024-03-18 09:30:00
DAO,sell,3.97,2024-03-19 09:30:00
COUR,sell,15.145,2024-03-11 09:30:00
COUR,buy,14.89,2024-03-12 09:30:00
COUR,sell,14.74,2024-03-13 09:30:00
COUR,buy,14.83,2024-03-14 09:30:00
COUR,buy,14.465,2024-03-15 09:30:00
COUR,buy,14.305,2024-03-18 09:30:00
COUR,buy,14.21,2024-03-19 09:30:00
COUR,sell,14.25,2024-03-20 09:30:00
COUR,buy,14.53,2024-03-21 09:30:00
COUR,buy,14.42,2024-03-22 09:30:00
GOTU,buy,7.1999,2024-03-11 09:30:00
GOTU,sell,6.98,2024-03-12 09:30:00
GOTU,sell,7.47,2024-03-13 09:30:00
GOTU,sell,7.645,2024-03-14 09:30:00
GOTU,sell,7.77,2024-03-15 09:30:00
GOTU,sell,7.71,2024-03-18 09:30:00
GOTU,buy,7.45,2024-03-19 09:30:00
GOTU,buy,7.46,2024-03-20 09:30:00
GOTU,buy,7.38,2024-03-21 09:30:00
GOTU,buy,7.0945,2024-03-22 09:30:00
GIS,buy,65.76,2024-03-11 09:30:00
GIS,sell,65.4295,2024-03-12 09:30:00
GIS,buy,66.0101,2024-03-13 09:30:00
GIS,buy,66.05,2024-03-14 09:30:00
GIS,sell,65.8,2024-03-15 09:30:00
GIS,sell,66.71,2024-03-18 09:30:00
GIS,buy,68.08,2024-03-19 09:30:00
GIS,buy,72.965,2024-03-20 09:30:00
GIS,buy,69.035,2024-03-21 09:30:00
GIS,sell,68.86,2024-03-22 09:30:00
BRCC,buy,4.81,2024-03-11 09:30:00
BRCC,sell,4.675,2024-03-12 09:30:00
BRCC,buy,4.7,2024-03-13 09:30:00
BRCC,sell,4.63,2024-03-14 09:30:00
BRCC,sell,4.565,2024-03-15 09:30:00
BRCC,sell,4.63,2024-03-18 09:30:00
BRCC,sell,4.83,2024-03-19 09:30:00
BRCC,buy,4.85,2024-03-20 09:30:00
BRCC,buy,4.8466,2024-03-21 09:30:00
BRCC,buy,4.59,2024-03-22 09:30:00
FLO,sell,22.96,2024-03-11 09:30:00
FLO,sell,23.09,2024-03-12 09:30:00
FLO,buy,23.38,2024-03-13 09:30:00
FLO,buy,23.05,2024-03-14 09:30:00
FLO,buy,22.58,2024-03-15 09:30:00
FLO,sell,22.635,2024-03-18 09:30:00
FLO,buy,22.855,2024-03-19 09:30:00
FLO,buy,22.98,2024-03-20 09:30:00
FLO,sell,22.95,2024-03-21 09:30:00
FLO,buy,23.09,2024-03-22 09:30:00
LRN,sell,61.2,2024-03-11 09:30:00
LRN,sell,61.12,2024-03-12 09:30:00
LRN,buy,62.13,2024-03-13 09:30:00
LRN,buy,61.834,2024-03-14 09:30:00
LRN,buy,61.005,2024-03-15 09:30:00
LRN,sell,61.1,2024-03-18 09:30:00
LRN,buy,61.785,2024-03-19 09:30:00
LRN,sell,62.36,2024-03-20 09:30:00
LRN,sell,63.9845,2024-03-21 09:30:00
LRN,buy,63.32,2024-03-22 09:30:00
CCU,sell,11.715,2024-03-11 09:30:00
CCU,buy,11.91,2024-03-12 09:30:00
CCU,sell,11.85,2024-03-13 09:30:00
CCU,buy,12.05,2024-03-14 09:30:00
CCU,buy,12.06,2024-03-15 09:30:00
CCU,sell,11.96,2024-03-19 09:30:00
CCU,sell,11.9,2024-03-20 09:30:00
CCU,buy,12.08,2024-03-21 09:30:00
CCU,buy,11.93,2024-03-22 09:30:00
USNA,sell,48.77,2024-03-15 09:30:00
ZVIA,buy,1.4,2024-03-12 09:30:00
ZVIA,buy,1.32,2024-03-13 09:30:00
ZVIA,buy,1.26,2024-03-14 09:30:00
ZVIA,sell,1.19,2024-03-15 09:30:00
ZVIA,buy,1.2,2024-03-18 09:30:00
ZVIA,sell,1.13,2024-03-19 09:30:00
ZVIA,buy,1.135,2024-03-20 09:30:00
ZVIA,buy,1.1,2024-03-21 09:30:00
ZVIA,sell,1.06,2024-03-22 09:30:00
NGVC,sell,16.94,2024-03-11 09:30:00
HLF,sell,9.11,2024-03-11 09:30:00
HLF,buy,9.565,2024-03-12 09:30:00
HLF,sell,9.11,2024-03-13 09:30:00
HLF,buy,9.35,2024-03-14 09:30:00
HLF,buy,8.93,2024-03-15 09:30:00
HLF,sell,8.96,2024-03-18 09:30:00
HLF,sell,8.98,2024-03-19 09:30:00
HLF,sell,8.975,2024-03-20 09:31:00
HLF,buy,8.845,2024-03-21 09:30:00
HLF,sell,9.15,2024-03-22 09:30:00
ASAI,sell,14.33,2024-03-11 09:30:00
ASAI,sell,14.38,2024-03-12 09:30:00
ASAI,sell,14.75,2024-03-13 09:30:00
ASAI,buy,14.72,2024-03-14 09:30:00
ASAI,sell,14.52,2024-03-15 09:30:00
ASAI,buy,14.64,2024-03-18 09:30:00
ASAI,sell,14.39,2024-03-19 09:30:00
ASAI,sell,14.71,2024-03-20 09:30:00
ASAI,buy,14.98,2024-03-21 09:30:00
ASAI,buy,14.69,2024-03-22 09:30:00
BUD,buy,62.87,2024-03-11 09:30:00
BUD,sell,63.03,2024-03-12 09:30:00
BUD,sell,63.741,2024-03-13 09:30:00
BUD,buy,61.405,2024-03-14 09:30:00
BUD,buy,61.14,2024-03-15 09:30:00
BUD,buy,60.37,2024-03-18 09:30:00
BUD,sell,59.62,2024-03-19 09:30:00
BUD,buy,59.77,2024-03-20 09:30:00
BUD,buy,59.795,2024-03-21 09:30:00
BUD,sell,59.37,2024-03-22 09:30:00
HSY,sell,196.05,2024-03-11 09:30:00
HSY,sell,198.5,2024-03-12 09:30:00
HSY,sell,197.635,2024-03-13 09:30:00
HSY,buy,196.395,2024-03-14 09:30:00
HSY,sell,194.96,2024-03-15 09:30:00
HSY,sell,192.83,2024-03-18 09:30:00
HSY,sell,198.13,2024-03-19 09:30:00
HSY,buy,203.3284,2024-03-20 09:30:00
HSY,sell,197.11,2024-03-21 09:30:00
HSY,buy,199.32,2024-03-22 09:30:00
SAM,sell,300.16,2024-03-11 09:30:00
SAM,buy,301.0,2024-03-12 09:30:00
SAM,buy,298.33,2024-03-13 09:30:00
SAM,buy,297.91,2024-03-14 09:30:00
SAM,sell,292.83,2024-03-15 09:30:00
SAM,buy,295.02,2024-03-18 09:30:00
SAM,sell,290.01,2024-03-19 09:30:00
SAM,sell,290.92,2024-03-20 09:30:00
SAM,sell,297.51,2024-03-22 09:30:00
KR,buy,55.89,2024-03-11 09:30:00
KR,sell,55.21,2024-03-12 09:30:00
KR,sell,55.42,2024-03-13 09:30:00
KR,buy,56.16,2024-03-14 09:30:00
KR,sell,55.55,2024-03-15 09:30:00
KR,sell,55.85,2024-03-18 09:30:00
KR,sell,56.3111,2024-03-19 09:30:00
KR,sell,56.38,2024-03-20 09:30:00
KR,buy,56.81,2024-03-21 09:30:00
KR,buy,57.18,2024-03-22 09:30:00
PRMW,buy,16.52,2024-03-11 09:30:00
PRMW,sell,16.53,2024-03-12 09:30:00
PRMW,sell,17.075,2024-03-13 09:30:00
PRMW,buy,17.69,2024-03-14 09:30:00
PRMW,buy,17.44,2024-03-15 09:30:00
PRMW,sell,17.5,2024-03-18 09:30:00
PRMW,sell,17.77,2024-03-19 09:30:00
PRMW,sell,17.86,2024-03-20 09:30:00
PRMW,sell,18.06,2024-03-21 09:32:00
PRMW,sell,18.24,2024-03-22 09:30:00
SYY,sell,80.025,2024-03-11 09:30:00
SYY,sell,80.01,2024-03-12 09:30:00
SYY,sell,80.36,2024-03-13 09:30:00
SYY,buy,80.55,2024-03-14 09:30:00
SYY,buy,80.36,2024-03-15 09:30:00
SYY,buy,81.25,2024-03-18 09:30:00
SYY,buy,81.11,2024-03-19 09:30:00
SYY,sell,81.16,2024-03-20 09:30:00
SYY,sell,81.045,2024-03-21 09:30:00
SYY,sell,81.3879,2024-03-22 09:30:00
HIMS,sell,14.25,2024-03-11 09:30:00
HIMS,sell,14.3399,2024-03-12 09:30:00
HIMS,sell,14.33,2024-03-13 09:30:00
HIMS,buy,14.807,2024-03-14 09:30:00
HIMS,sell,14.345,2024-03-15 09:30:00
HIMS,sell,14.62,2024-03-18 09:30:00
HIMS,buy,15.72,2024-03-19 09:30:00
HIMS,sell,15.78,2024-03-20 09:30:00
HIMS,sell,16.235,2024-03-21 09:30:00
HIMS,buy,16.64,2024-03-22 09:30:00
EL,sell,150.0,2024-03-11 09:30:00
EL,buy,154.255,2024-03-12 09:30:00
EL,sell,154.06,2024-03-13 09:30:00
EL,buy,157.115,2024-03-14 09:30:00
EL,buy,152.16,2024-03-15 09:30:00
EL,buy,149.84,2024-03-18 09:30:00
EL,buy,147.38,2024-03-19 09:30:00
EL,buy,145.095,2024-03-20 09:30:00
EL,sell,145.985,2024-03-21 09:30:00
EL,buy,145.24,2024-03-22 09:30:00
PFGC,buy,75.99,2024-03-11 09:30:00
PFGC,sell,75.1,2024-03-12 09:30:00
PFGC,sell,75.8,2024-03-13 09:30:00
PFGC,buy,75.9,2024-03-14 09:30:00
PFGC,sell,76.18,2024-03-15 09:30:00
PFGC,buy,76.385,2024-03-18 09:30:00
PFGC,sell,75.89,2024-03-19 09:30:00
PFGC,buy,76.07,2024-03-20 09:30:00
PFGC,buy,76.83,2024-03-21 09:30:00
PFGC,buy,76.51,2024-03-22 09:30:00
USFD,sell,52.265,2024-03-11 09:30:00
USFD,sell,52.95,2024-03-12 09:30:00
USFD,sell,53.18,2024-03-13 09:30:00
USFD,buy,53.485,2024-03-14 09:30:00
USFD,sell,53.93,2024-03-15 09:30:00
USFD,buy,54.01,2024-03-18 09:30:00
USFD,sell,53.46,2024-03-19 09:30:00
USFD,sell,53.47,2024-03-20 09:30:00
USFD,sell,53.765,2024-03-21 09:30:00
USFD,buy,54.04,2024-03-22 09:30:00
DEO,sell,148.11,2024-03-11 09:30:00
DEO,buy,150.44,2024-03-12 09:30:00
DEO,sell,149.8,2024-03-13 09:30:00
DEO,buy,151.485,2024-03-14 09:30:00
DEO,sell,147.96,2024-03-15 09:30:00
DEO,buy,147.89,2024-03-18 09:30:00
DEO,sell,144.7,2024-03-19 09:30:00
DEO,buy,145.135,2024-03-20 09:30:00
DEO,sell,146.78,2024-03-21 09:30:00
DEO,buy,147.76,2024-03-22 09:30:00
COTY,buy,12.64,2024-03-11 09:30:00
COTY,buy,12.68,2024-03-12 09:30:00
COTY,buy,12.67,2024-03-13 09:30:00
COTY,buy,12.61,2024-03-14 09:30:00
COTY,sell,12.29,2024-03-15 09:30:00
COTY,sell,12.28,2024-03-18 09:30:00
COTY,buy,12.14,2024-03-19 09:30:00
COTY,sell,11.93,2024-03-20 09:30:00
COTY,buy,12.14,2024-03-21 09:30:00
COTY,buy,11.89,2024-03-22 09:30:00
KOF,sell,96.27,2024-03-11 09:30:00
KOF,sell,97.315,2024-03-12 09:30:00
KOF,sell,98.32,2024-03-13 09:30:00
KOF,buy,99.61,2024-03-14 09:30:00
KOF,buy,100.08,2024-03-15 09:30:00
KOF,sell,98.37,2024-03-18 09:30:00
KOF,buy,98.01,2024-03-19 09:30:00
KOF,sell,96.69,2024-03-20 09:30:00
KOF,buy,97.88,2024-03-21 09:30:00
KOF,buy,96.68,2024-03-22 09:30:00
LW,buy,101.63,2024-03-11 09:30:00
LW,sell,102.37,2024-03-12 09:30:00
LW,buy,103.265,2024-03-13 09:30:00
LW,buy,102.83,2024-03-14 09:30:00
LW,sell,101.32,2024-03-15 09:30:00
LW,sell,101.76,2024-03-18 09:30:00
LW,buy,102.765,2024-03-19 09:30:00
LW,buy,104.06,2024-03-20 09:30:00
LW,sell,102.4,2024-03-21 09:30:00
LW,sell,102.8,2024-03-22 09:30:00
POST,sell,102.77,2024-03-11 09:30:00
POST,sell,103.02,2024-03-12 09:30:00
POST,sell,104.42,2024-03-13 09:30:00
POST,buy,104.18,2024-03-14 09:30:00
POST,buy,103.21,2024-03-15 09:30:00
POST,sell,103.56,2024-03-18 09:30:00
POST,sell,104.55,2024-03-19 09:30:00
POST,sell,106.0,2024-03-20 09:30:00
POST,sell,105.22,2024-03-21 09:30:00
POST,buy,105.76,2024-03-22 09:30:00
BRFS,buy,3.33,2024-03-11 09:30:00
BRFS,sell,3.31,2024-03-12 09:30:00
BRFS,buy,3.41,2024-03-13 09:30:00
BRFS,sell,3.395,2024-03-14 09:30:00
BRFS,buy,3.39,2024-03-15 09:30:00
BRFS,sell,3.285,2024-03-18 09:30:00
BRFS,sell,3.25,2024-03-19 09:30:00
BRFS,buy,3.37,2024-03-20 09:30:00
BRFS,buy,3.39,2024-03-21 09:30:00
BRFS,buy,3.27,2024-03-22 09:30:00
MSS,buy,1.4,2024-03-13 09:30:00
MSS,sell,1.19,2024-03-20 09:35:00
ANDE,buy,54.5,2024-03-11 09:30:00
ANDE,sell,54.33,2024-03-12 09:30:00
ANDE,sell,53.77,2024-03-13 09:30:00
ANDE,buy,54.61,2024-03-14 09:30:00
ANDE,sell,53.19,2024-03-15 09:30:00
ANDE,sell,53.23,2024-03-18 09:30:00
ANDE,sell,53.4,2024-03-19 09:30:00
ANDE,sell,54.89,2024-03-20 09:30:00
ANDE,sell,56.02,2024-03-21 09:30:00
HAIN,sell,9.4,2024-03-11 09:30:00
HAIN,buy,9.43,2024-03-12 09:30:00
HAIN,buy,9.17,2024-03-13 09:30:00
HAIN,buy,9.1,2024-03-14 09:30:00
HAIN,buy,8.76,2024-03-15 09:30:00
HAIN,sell,8.5,2024-03-18 09:30:00
HAIN,sell,8.22,2024-03-19 09:30:00
HAIN,sell,8.32,2024-03-20 09:30:00
HAIN,buy,8.46,2024-03-21 09:30:00
HAIN,buy,8.38,2024-03-22 09:30:00
DLTR,buy,147.9663,2024-03-11 09:30:00
DLTR,sell,149.87,2024-03-12 09:30:00
DLTR,buy,131.83,2024-03-13 09:30:00
DLTR,buy,128.975,2024-03-14 09:30:00
DLTR,sell,125.58,2024-03-15 09:30:00
DLTR,sell,126.625,2024-03-18 09:30:00
DLTR,buy,127.055,2024-03-19 09:30:00
DLTR,buy,128.25,2024-03-20 09:30:00
DLTR,buy,127.75,2024-03-21 09:30:00
DLTR,buy,127.005,2024-03-22 09:30:00
APEI,buy,12.09,2024-03-11 09:30:00
APEI,sell,11.76,2024-03-12 09:30:00
APEI,sell,12.24,2024-03-13 09:30:00
APEI,buy,12.69,2024-03-14 09:30:00
APEI,sell,12.44,2024-03-15 09:30:00
APEI,sell,12.57,2024-03-20 09:30:00
APEI,buy,14.23,2024-03-22 09:30:00
PRDO,buy,17.81,2024-03-11 09:30:00
PRDO,buy,17.59,2024-03-12 09:30:00
PRDO,sell,17.57,2024-03-13 09:30:00
PRDO,buy,17.67,2024-03-14 09:30:00
PRDO,sell,17.57,2024-03-15 09:30:00
PRDO,sell,17.57,2024-03-18 09:30:00
PRDO,buy,17.5,2024-03-19 09:30:00
PRDO,buy,17.35,2024-03-20 09:30:00
PRDO,buy,17.78,2024-03-21 09:30:00
PRDO,sell,17.755,2024-03-22 09:30:00
SMPL,sell,33.41,2024-03-11 09:30:00
SMPL,sell,33.675,2024-03-12 09:30:00
SMPL,sell,34.24,2024-03-13 09:30:00
SMPL,buy,34.17,2024-03-14 09:30:00
SMPL,buy,33.36,2024-03-15 09:30:00
SMPL,sell,33.5,2024-03-18 09:30:00
SMPL,sell,34.09,2024-03-19 09:30:00
SMPL,buy,35.435,2024-03-20 09:30:00
SMPL,sell,33.52,2024-03-21 09:30:00
SMPL,buy,33.6,2024-03-22 09:30:00
THS,sell,36.65,2024-03-11 09:30:00
THS,sell,37.21,2024-03-12 09:30:00
THS,buy,38.04,2024-03-13 09:30:00
THS,buy,36.75,2024-03-14 09:30:00
THS,buy,36.815,2024-03-15 09:30:00
THS,sell,36.65,2024-03-18 09:30:00
THS,sell,36.9,2024-03-19 09:30:00
THS,sell,37.78,2024-03-20 09:30:00
THS,sell,37.93,2024-03-21 09:30:00
THS,sell,38.6,2024-03-22 09:30:00
PSMT,buy,83.375,2024-03-11 09:30:00
PSMT,buy,82.45,2024-03-14 09:30:00
SPTN,buy,20.52,2024-03-11 09:30:00
SPTN,buy,20.11,2024-03-12 09:30:00
SPTN,buy,19.85,2024-03-13 09:30:00
SPTN,buy,20.055,2024-03-14 09:30:00
SPTN,sell,19.57,2024-03-15 09:30:00
SPTN,sell,19.88,2024-03-18 09:30:00
SPTN,sell,19.73,2024-03-19 09:30:00
SPTN,sell,19.88,2024-03-20 09:30:00
SPTN,sell,20.25,2024-03-21 09:30:00
SPTN,buy,20.37,2024-03-22 09:30:00
OLLI,buy,74.94,2024-03-11 09:30:00
OLLI,buy,75.28,2024-03-12 09:30:00
OLLI,sell,73.36,2024-03-13 09:30:00
OLLI,buy,75.8287,2024-03-14 09:30:00
OLLI,buy,74.6615,2024-03-15 09:30:00
OLLI,sell,73.56,2024-03-18 09:30:00
OLLI,sell,74.74,2024-03-19 09:30:00
OLLI,sell,74.565,2024-03-20 09:30:00
OLLI,sell,76.785,2024-03-21 09:30:00
OLLI,sell,79.415,2024-03-22 09:30:00
COCO,buy,25.01,2024-03-11 09:30:00
COCO,sell,24.925,2024-03-12 09:30:00
COCO,sell,24.976,2024-03-13 09:30:00
COCO,buy,25.335,2024-03-14 09:30:00
COCO,sell,24.93,2024-03-15 09:30:00
COCO,sell,24.91,2024-03-18 09:30:00
COCO,sell,25.0,2024-03-19 09:30:00
COCO,buy,24.97,2024-03-20 09:30:00
COCO,buy,24.97,2024-03-21 09:30:00
COCO,sell,24.545,2024-03-22 09:30:00
COST,buy,719.4065,2024-03-11 09:30:00
COST,sell,717.65,2024-03-12 09:30:00
COST,buy,734.37,2024-03-13 09:30:00
COST,buy,738.35,2024-03-14 09:30:00
COST,buy,730.0,2024-03-15 09:30:00
COST,sell,727.605,2024-03-18 09:30:00
COST,buy,732.87,2024-03-19 09:30:00
COST,sell,730.55,2024-03-20 09:30:00
COST,sell,742.61,2024-03-21 09:30:00
COST,buy,743.51,2024-03-22 09:30:00
LWAY,sell,11.995,2024-03-20 09:30:00
LWAY,sell,13.8,2024-03-21 09:30:00
LWAY,sell,15.44,2024-03-22 09:30:00
LINC,buy,10.0,2024-03-13 09:30:00
LINC,sell,10.185,2024-03-21 09:30:00
AVO,buy,11.02,2024-03-11 09:30:00
AVO,sell,11.8029,2024-03-12 09:30:00
AVO,sell,11.96,2024-03-13 09:30:00
AVO,buy,11.9,2024-03-14 09:30:00
AVO,sell,11.84,2024-03-15 09:30:00
AVO,sell,11.42,2024-03-18 09:30:00
AVO,buy,12.04,2024-03-19 09:30:00
AVO,sell,11.86,2024-03-20 09:30:00
AVO,buy,11.99,2024-03-21 09:30:00
AVO,buy,11.95,2024-03-22 09:30:00
CHEF,buy,36.96,2024-03-11 09:30:00
CHEF,sell,36.32,2024-03-12 09:30:00
CHEF,sell,36.55,2024-03-13 09:30:00
CHEF,sell,36.8,2024-03-14 09:30:00
CHEF,buy,38.3,2024-03-15 09:30:00
CHEF,buy,37.74,2024-03-18 09:30:00
CHEF,sell,36.605,2024-03-19 09:30:00
CHEF,sell,36.49,2024-03-20 09:30:00
CHEF,sell,36.93,2024-03-21 09:30:00
CHEF,buy,37.33,2024-03-22 09:30:00
EWCZ,sell,14.51,2024-03-11 09:30:00
EWCZ,buy,14.635,2024-03-12 09:30:00
EWCZ,sell,13.28,2024-03-13 09:30:00
EWCZ,buy,12.6,2024-03-14 09:30:00
EWCZ,sell,12.18,2024-03-15 09:30:00
EWCZ,sell,12.61,2024-03-18 09:30:00
EWCZ,buy,12.74,2024-03-19 09:30:00
EWCZ,buy,12.77,2024-03-20 09:30:00
EWCZ,buy,13.12,2024-03-21 09:30:00
EWCZ,buy,13.19,2024-03-22 09:30:00
AFYA,sell,20.6458,2024-03-12 09:30:00
AFYA,sell,20.82,2024-03-13 09:30:00
AFYA,buy,21.37,2024-03-14 09:30:00
AFYA,sell,20.78,2024-03-15 09:30:00
AFYA,buy,21.745,2024-03-18 09:30:00
AFYA,buy,21.69,2024-03-19 09:30:00
LANC,buy,203.71,2024-03-12 09:30:00
LANC,buy,203.07,2024-03-13 09:30:00
LANC,sell,198.01,2024-03-19 09:30:00
LANC,sell,198.92,2024-03-20 09:30:00
LANC,sell,203.02,2024-03-21 09:30:00
HFFG,buy,3.48,2024-03-12 09:30:00
IMKTA,buy,74.3189,2024-03-18 09:30:00
IPAR,buy,138.42,2024-03-11 09:30:00
IPAR,buy,139.05,2024-03-12 09:30:00
IPAR,buy,136.74,2024-03-13 09:30:00
IPAR,buy,136.17,2024-03-14 09:30:00
IPAR,sell,133.32,2024-03-15 09:30:00
IPAR,sell,133.33,2024-03-19 09:30:00
IPAR,sell,137.0,2024-03-20 09:30:00
LQR,sell,1.374,2024-03-20 09:30:00
CALM,sell,58.41,2024-03-11 09:30:00
CALM,sell,59.615,2024-03-12 09:30:00
CALM,sell,59.8399,2024-03-13 09:30:00
CALM,buy,59.52,2024-03-14 09:30:00
CALM,buy,59.3401,2024-03-15 09:30:00
CALM,sell,59.41,2024-03-18 09:30:00
CALM,buy,60.47,2024-03-19 09:30:00
CALM,sell,61.65,2024-03-21 09:30:00
CALM,buy,62.335,2024-03-22 09:30:00
BYND,buy,8.1399,2024-03-11 09:30:00
BYND,sell,7.75,2024-03-12 09:30:00
BYND,sell,8.0252,2024-03-13 09:30:00
BYND,buy,8.8,2024-03-14 09:30:00
BYND,sell,8.1,2024-03-15 09:30:00
BYND,buy,8.35,2024-03-18 09:30:00
BYND,buy,7.97,2024-03-19 09:30:00
BYND,sell,7.82,2024-03-20 09:30:00
BYND,buy,8.19,2024-03-21 09:30:00
BYND,buy,7.96,2024-03-22 09:30:00
TSN,sell,54.16,2024-03-11 09:30:00
TSN,buy,55.6,2024-03-12 09:30:00
TSN,buy,55.83,2024-03-13 09:30:00
TSN,sell,55.9,2024-03-14 09:30:00
TSN,buy,55.98,2024-03-15 09:30:00
TSN,buy,56.105,2024-03-18 09:30:00
TSN,sell,56.12,2024-03-19 09:30:00
TSN,sell,57.615,2024-03-20 09:30:00
TSN,sell,57.46,2024-03-21 09:30:00
TSN,sell,58.08,2024-03-22 09:30:00
GO,sell,25.965,2024-03-11 09:30:00
GO,sell,26.33,2024-03-12 09:30:00
GO,sell,26.44,2024-03-13 09:30:00
GO,buy,26.94,2024-03-14 09:30:00
GO,buy,26.81,2024-03-15 09:30:00
GO,sell,26.54,2024-03-18 09:30:00
GO,buy,27.8,2024-03-19 09:30:00
GO,sell,27.945,2024-03-20 09:30:00
GO,sell,28.24,2024-03-21 09:30:00
GO,sell,28.44,2024-03-22 09:30:00
MDLZ,sell,71.9,2024-03-11 09:30:00
MDLZ,buy,72.27,2024-03-12 09:30:00
MDLZ,buy,72.07,2024-03-13 09:30:00
MDLZ,buy,71.38,2024-03-14 09:30:00
MDLZ,buy,70.97,2024-03-15 09:30:00
MDLZ,sell,71.05,2024-03-18 09:30:00
MDLZ,sell,71.68,2024-03-19 09:30:00
MDLZ,buy,72.435,2024-03-20 09:30:00
MDLZ,sell,71.67,2024-03-21 09:30:00
MDLZ,sell,72.11,2024-03-22 09:30:00
WMT,buy,60.13,2024-03-11 09:30:00
WMT,sell,60.94,2024-03-12 09:30:00
WMT,buy,61.4,2024-03-13 09:30:00
WMT,buy,61.39,2024-03-14 09:30:00
WMT,sell,60.8,2024-03-15 09:30:00
WMT,buy,60.69,2024-03-18 09:30:00
WMT,buy,60.87,2024-03-19 09:30:00
WMT,sell,60.88,2024-03-20 09:30:00
WMT,sell,61.14,2024-03-21 09:30:00
WMT,sell,61.15,2024-03-22 09:30:00
SFM,buy,63.415,2024-03-11 09:30:00
SFM,sell,62.5,2024-03-12 09:30:00
SFM,sell,62.315,2024-03-13 09:30:00
SFM,buy,63.5,2024-03-14 09:30:00
SFM,sell,63.11,2024-03-15 09:30:00
SFM,sell,63.5316,2024-03-18 09:30:00
SFM,buy,62.24,2024-03-19 09:30:00
SFM,sell,60.66,2024-03-20 09:30:00
SFM,buy,62.665,2024-03-21 09:30:00
SFM,sell,62.165,2024-03-22 09:30:00
SPB,buy,83.59,2024-03-11 09:30:00
SPB,sell,83.0535,2024-03-12 09:30:00
SPB,sell,83.81,2024-03-13 09:30:00
SPB,buy,84.9,2024-03-14 09:30:00
SPB,sell,82.77,2024-03-15 09:30:00
SPB,sell,83.32,2024-03-18 09:30:00
SPB,sell,84.14,2024-03-19 09:30:00
SPB,buy,85.42,2024-03-20 09:30:00
SPB,sell,85.45,2024-03-21 09:30:00
SPB,buy,87.16,2024-03-22 09:30:00
CELH,buy,87.6,2024-03-11 09:30:00
CELH,sell,86.11,2024-03-12 09:30:00
CELH,sell,92.745,2024-03-13 09:30:00
CELH,buy,97.42,2024-03-14 09:30:00
CELH,buy,92.72,2024-03-15 09:30:00
CELH,buy,92.43,2024-03-18 09:30:00
CELH,buy,87.09,2024-03-19 09:30:00
CELH,sell,86.42,2024-03-20 09:30:00
CELH,sell,92.22,2024-03-21 09:30:00
CELH,sell,90.9302,2024-03-22 09:30:00
PG,buy,161.415,2024-03-11 09:30:00
PG,sell,161.82,2024-03-12 09:30:00
PG,buy,162.46,2024-03-13 09:30:00
PG,buy,162.22,2024-03-14 09:30:00
PG,buy,161.07,2024-03-15 09:30:00
PG,sell,161.64,2024-03-18 09:30:00
PG,sell,161.46,2024-03-19 09:30:00
PG,sell,161.82,2024-03-20 09:30:00
PG,sell,161.68,2024-03-21 09:30:00
PG,buy,162.2,2024-03-22 09:30:00
HELE,buy,123.9,2024-03-11 09:30:00
HELE,buy,120.89,2024-03-12 09:30:00
HELE,sell,118.65,2024-03-13 09:30:00
HELE,buy,119.21,2024-03-14 09:30:00
HELE,sell,116.28,2024-03-15 09:30:00
HELE,buy,116.95,2024-03-18 09:30:00
HELE,sell,113.91,2024-03-19 09:30:00
HELE,sell,114.54,2024-03-20 09:30:00
HELE,sell,115.74,2024-03-21 09:30:00
HELE,buy,115.9,2024-03-22 09:30:00
UL,buy,49.3,2024-03-11 09:30:00
UL,sell,49.505,2024-03-12 09:30:00
UL,buy,49.85,2024-03-13 09:30:00
UL,buy,49.79,2024-03-14 09:30:00
UL,buy,49.23,2024-03-15 09:30:00
UL,buy,48.64,2024-03-18 09:30:00
UL,sell,49.815,2024-03-19 09:30:00
UL,buy,49.425,2024-03-20 09:30:00
UL,sell,49.45,2024-03-21 09:30:00
UL,sell,49.945,2024-03-22 09:30:00
KAVL,sell,2.35,2024-03-21 09:30:00
KAVL,buy,2.7,2024-03-22 09:30:00
ADM,buy,54.975,2024-03-11 09:30:00
ADM,buy,57.19,2024-03-12 09:30:00
ADM,sell,58.1899,2024-03-13 09:30:00
ADM,buy,58.855,2024-03-14 09:30:00
ADM,sell,58.45,2024-03-15 09:30:00
ADM,sell,59.39,2024-03-18 09:30:00
ADM,sell,60.48,2024-03-19 09:30:00
ADM,sell,60.89,2024-03-20 09:30:00
ADM,sell,61.685,2024-03-21 09:30:00
ADM,buy,62.92,2024-03-22 09:30:00
FREE,sell,4.78,2024-03-13 09:30:00
FREE,sell,4.78,2024-03-14 09:30:00
FREE,buy,4.79,2024-03-15 09:30:00
FREE,sell,4.79,2024-03-18 09:30:00
FREE,sell,4.8,2024-03-19 09:30:00
FREE,sell,4.8,2024-03-22 09:30:00
CENT,buy,41.38,2024-03-11 09:30:00
CENT,sell,41.81,2024-03-12 09:30:00
CENT,buy,43.4,2024-03-14 09:30:00
CENT,sell,41.77,2024-03-15 09:30:00
CENT,buy,42.68,2024-03-18 09:30:00
UDMY,sell,10.9301,2024-03-11 09:30:00
UDMY,sell,11.06,2024-03-12 09:30:00
UDMY,sell,11.14,2024-03-13 09:30:00
UDMY,buy,11.28,2024-03-14 09:30:00
UDMY,sell,10.8949,2024-03-15 09:30:00
UDMY,sell,10.955,2024-03-18 09:30:00
UDMY,sell,11.015,2024-03-19 09:30:00
UDMY,buy,11.05,2024-03-20 09:30:00
UDMY,buy,11.35,2024-03-21 09:30:00
UDMY,buy,11.24,2024-03-22 09:30:00
ISPR,buy,9.38,2024-03-21 09:30:00
ISPR,buy,5.85,2024-03-22 09:30:00
MNST,sell,59.06,2024-03-11 09:30:00
MNST,sell,59.09,2024-03-12 09:30:00
MNST,sell,59.82,2024-03-13 09:30:00
MNST,buy,61.08,2024-03-14 09:30:00
MNST,buy,60.17,2024-03-15 09:30:00
MNST,sell,60.74,2024-03-18 09:30:00
MNST,buy,60.99,2024-03-19 09:30:00
MNST,buy,60.58,2024-03-20 09:30:00
MNST,sell,59.97,2024-03-21 09:30:00
MNST,buy,59.86,2024-03-22 09:30:00
CENTA,sell,35.47,2024-03-11 09:30:00
CENTA,sell,35.81,2024-03-12 09:30:00
CENTA,sell,36.55,2024-03-13 09:30:00
CENTA,buy,37.16,2024-03-14 09:30:00
CENTA,sell,36.11,2024-03-15 09:30:00
CENTA,sell,36.36,2024-03-18 09:30:00
CENTA,sell,36.22,2024-03-19 09:30:00
CENTA,sell,36.12,2024-03-20 09:30:00
CENTA,sell,37.28,2024-03-21 09:30:00
CENTA,buy,37.49,2024-03-22 09:30:00
KDP,buy,29.31,2024-03-11 09:30:00
KDP,sell,29.27,2024-03-12 09:30:00
KDP,buy,29.39,2024-03-13 09:30:00
KDP,buy,29.08,2024-03-14 09:30:00
KDP,buy,28.92,2024-03-15 09:30:00
KDP,sell,28.9,2024-03-18 09:30:00
KDP,sell,29.58,2024-03-19 09:30:00
KDP,sell,29.325,2024-03-20 09:30:00
KDP,sell,29.63,2024-03-21 09:30:00
KDP,sell,29.585,2024-03-22 09:30:00
CHGG,sell,8.295,2024-03-11 09:30:00
CHGG,buy,8.195,2024-03-12 09:30:00
CHGG,sell,8.03,2024-03-13 09:30:00
CHGG,buy,7.99,2024-03-14 09:30:00
CHGG,sell,7.87,2024-03-15 09:30:00
CHGG,buy,7.92,2024-03-18 09:30:00
CHGG,sell,7.81,2024-03-19 09:30:00
CHGG,sell,7.72,2024-03-20 09:30:00
CHGG,buy,8.05,2024-03-21 09:30:00
CHGG,buy,8.07,2024-03-22 09:30:00
VITL,sell,20.92,2024-03-11 09:30:00
VITL,sell,20.8315,2024-03-12 09:30:00
VITL,buy,21.07,2024-03-13 09:30:00
VITL,sell,21.0,2024-03-14 09:30:00
VITL,sell,21.66,2024-03-15 09:30:00
VITL,sell,21.71,2024-03-18 09:30:00
VITL,sell,22.39,2024-03-19 09:30:00
VITL,buy,23.14,2024-03-20 09:30:00
VITL,sell,22.955,2024-03-21 09:30:00
VITL,buy,23.29,2024-03-22 09:30:00
UVV,buy,50.8,2024-03-11 09:30:00
UVV,sell,50.16,2024-03-12 09:30:00
UVV,sell,50.65,2024-03-13 09:30:00
UVV,buy,50.65,2024-03-14 09:30:00
UVV,sell,49.76,2024-03-15 09:30:00
UVV,buy,51.3,2024-03-18 09:30:00
UVV,buy,51.175,2024-03-19 09:30:00
UVV,buy,51.0,2024-03-20 09:30:00
UVV,sell,51.35,2024-03-21 09:30:00
UVV,buy,52.12,2024-03-22 09:30:00
FRPT,buy,111.19,2024-03-11 09:30:00
FRPT,sell,106.9478,2024-03-12 09:30:00
FRPT,buy,110.66,2024-03-13 09:30:00
FRPT,buy,111.195,2024-03-14 09:30:00
FRPT,sell,108.53,2024-03-15 09:30:00
FRPT,buy,108.63,2024-03-18 09:30:00
FRPT,sell,108.02,2024-03-19 09:30:00
FRPT,buy,109.7,2024-03-20 09:30:00
FRPT,sell,112.85,2024-03-21 09:30:00
FRPT,buy,113.6,2024-03-22 09:30:00
OTLY,sell,1.0101,2024-03-11 09:30:00
OTLY,buy,1.0,2024-03-12 09:30:00
OTLY,sell,0.99,2024-03-13 09:30:00
OTLY,buy,1.055,2024-03-14 09:30:00
OTLY,buy,1.01,2024-03-15 09:30:00
OTLY,sell,0.9852,2024-03-18 09:30:00
OTLY,buy,1.01,2024-03-19 09:30:00
OTLY,sell,0.9899,2024-03-20 09:30:00
OTLY,sell,1.0207,2024-03-21 09:30:00
OTLY,buy,1.0212,2024-03-22 09:30:00
UTI,sell,14.49,2024-03-11 09:30:00
UTI,sell,14.8,2024-03-12 09:30:00
UTI,buy,15.17,2024-03-13 09:30:00
UTI,buy,15.0,2024-03-14 09:30:00
UTI,sell,14.5,2024-03-15 09:30:00
UTI,buy,14.55,2024-03-18 09:30:00
UTI,sell,14.4,2024-03-19 09:30:00
UTI,sell,14.66,2024-03-20 09:30:00
UTI,buy,14.9,2024-03-21 09:30:00
UTI,sell,14.94,2024-03-22 09:30:00
MKC,sell,68.625,2024-03-11 09:30:00
MKC,sell,69.52,2024-03-12 09:30:00
MKC,buy,69.4399,2024-03-13 09:30:00
MKC,buy,68.565,2024-03-14 09:30:00
MKC,buy,67.93,2024-03-15 09:30:00
MKC,sell,68.27,2024-03-18 09:30:00
MKC,sell,68.025,2024-03-19 09:30:00
MKC,sell,69.5,2024-03-20 09:30:00
MKC,sell,68.495,2024-03-21 09:30:00
MKC,buy,69.72,2024-03-22 09:30:00
LOPE,sell,133.09,2024-03-11 09:30:00
LOPE,buy,132.25,2024-03-14 09:30:00
LOPE,sell,131.06,2024-03-15 09:30:00
LOPE,sell,132.65,2024-03-18 09:30:00
LOPE,buy,133.55,2024-03-19 09:30:00
MGPI,sell,82.85,2024-03-11 09:30:00
MGPI,buy,85.655,2024-03-13 09:30:00
MGPI,buy,84.91,2024-03-14 09:30:00
MGPI,sell,82.24,2024-03-15 09:30:00
MGPI,sell,83.31,2024-03-18 09:30:00
MGPI,sell,82.36,2024-03-19 09:30:00
MGPI,sell,83.46,2024-03-20 09:30:00
MGPI,sell,84.39,2024-03-21 09:30:00
MGPI,buy,84.7,2024-03-22 09:30:00
FARM,buy,3.33,2024-03-18 09:30:00
BSFC,buy,0.11,2024-03-11 09:30:00
BSFC,buy,0.1076,2024-03-12 09:30:00
BSFC,sell,0.1063,2024-03-13 09:30:00
BSFC,buy,0.11,2024-03-14 09:30:00
BSFC,sell,0.1123,2024-03-15 09:30:00
BSFC,buy,0.1115,2024-03-18 09:30:00
BSFC,buy,0.1,2024-03-19 09:30:00
BSFC,buy,0.1008,2024-03-21 09:30:00
BSFC,buy,0.0975,2024-03-22 09:30:00
TBBB,sell,20.8,2024-03-11 09:30:00
TBBB,buy,21.62,2024-03-12 09:30:00
TBBB,sell,21.09,2024-03-13 09:30:00
TBBB,buy,21.84,2024-03-14 09:30:00
TBBB,sell,21.735,2024-03-15 09:30:00
TBBB,sell,21.69,2024-03-19 09:30:00
TBBB,sell,21.6,2024-03-20 09:31:00
TBBB,sell,22.1,2024-03-21 09:33:00
TBBB,buy,23.14,2024-03-22 09:30:00
KHC,sell,34.9,2024-03-11 09:30:00
KHC,sell,34.7698,2024-03-12 09:30:00
KHC,buy,34.78,2024-03-13 09:30:00
KHC,buy,34.53,2024-03-14 09:30:00
KHC,buy,34.5313,2024-03-15 09:30:00
KHC,sell,34.32,2024-03-18 09:30:00
KHC,sell,34.87,2024-03-19 09:30:00
KHC,sell,35.43,2024-03-20 09:30:00
KHC,buy,35.39,2024-03-21 09:30:00
KHC,sell,35.71,2024-03-22 09:30:00
JBSS,buy,104.65,2024-03-14 09:30:00
CVGW,sell,28.7178,2024-03-11 09:30:00
CVGW,sell,28.05,2024-03-12 09:30:00
CVGW,sell,29.35,2024-03-13 09:30:00
CVGW,buy,30.51,2024-03-14 09:30:00
CVGW,buy,28.94,2024-03-15 09:30:00
CVGW,sell,28.9,2024-03-18 09:30:00
CVGW,sell,28.5,2024-03-19 09:30:00
CVGW,buy,28.675,2024-03-20 09:30:00
CVGW,buy,29.11,2024-03-21 09:30:00
TGT,buy,169.736,2024-03-11 09:30:00
TGT,buy,168.395,2024-03-12 09:30:00
TGT,buy,166.89,2024-03-13 09:30:00
TGT,buy,166.79,2024-03-14 09:30:00
TGT,sell,163.33,2024-03-15 09:30:00
TGT,sell,163.69,2024-03-18 09:30:00
TGT,sell,167.315,2024-03-19 09:30:00
TGT,buy,167.89,2024-03-20 09:30:00
TGT,buy,170.34,2024-03-21 09:30:00
TGT,buy,169.65,2024-03-22 09:30:00
SJM,sell,119.89,2024-03-11 09:30:00
SJM,sell,121.07,2024-03-12 09:30:00
SJM,buy,123.48,2024-03-13 09:30:00
SJM,buy,123.55,2024-03-14 09:30:00
SJM,buy,121.94,2024-03-15 09:30:00
SJM,sell,121.58,2024-03-18 09:30:00
SJM,sell,123.485,2024-03-19 09:30:00
SJM,buy,125.35,2024-03-20 09:30:00
SJM,sell,122.85,2024-03-21 09:30:00
SJM,sell,123.96,2024-03-22 09:30:00
LAUR,buy,13.66,2024-03-11 09:30:00
LAUR,buy,13.54,2024-03-12 09:30:00
LAUR,sell,13.57,2024-03-13 09:30:00
LAUR,buy,13.57,2024-03-14 09:30:00
LAUR,sell,13.49,2024-03-15 09:30:00
LAUR,sell,13.69,2024-03-18 09:30:00
LAUR,sell,13.56,2024-03-19 09:30:00
LAUR,sell,13.69,2024-03-20 09:30:00
LAUR,buy,14.04,2024-03-21 09:30:00
LXEH,sell,4.87,2024-03-13 09:30:00
LXEH,sell,4.99,2024-03-14 09:30:00
LXEH,buy,5.49,2024-03-15 09:30:00
LXEH,sell,5.425,2024-03-18 09:30:00
LXEH,buy,6.18,2024-03-19 09:30:00
LXEH,buy,6.15,2024-03-20 09:30:00
LXEH,buy,4.93,2024-03-21 09:30:00
LXEH,buy,0.69915,2024-03-22 09:30:00
AGRI,buy,0.1548,2024-03-12 09:30:00
AGRI,sell,0.1535,2024-03-13 09:30:00
AGRI,buy,0.1699,2024-03-14 09:30:00
AGRI,sell,0.15,2024-03-15 09:30:00
AGRI,buy,0.157,2024-03-18 09:30:00
AGRI,sell,0.165,2024-03-19 09:30:00
AGRI,buy,0.1699,2024-03-20 09:30:00
AGRI,buy,0.1675,2024-03-21 09:30:00
AGRI,sell,0.1698,2024-03-22 09:30:00
DNUT,sell,12.84,2024-03-11 09:30:00
DNUT,buy,12.85,2024-03-12 09:30:00
DNUT,buy,12.605,2024-03-13 09:30:00
DNUT,buy,11.9,2024-03-14 09:30:00
DNUT,sell,11.79,2024-03-15 09:30:00
DNUT,buy,11.9,2024-03-18 09:30:00
DNUT,sell,11.7283,2024-03-19 09:30:00
DNUT,sell,11.83,2024-03-20 09:30:00
DNUT,sell,12.06,2024-03-21 09:30:00
DNUT,sell,12.27,2024-03-22 09:30:00
SKIN,buy,3.575,2024-03-11 09:30:00
SKIN,buy,3.66,2024-03-12 09:30:00
SKIN,buy,4.8092,2024-03-13 09:30:00
SKIN,buy,4.1915,2024-03-14 09:30:00
SKIN,buy,3.845,2024-03-15 09:30:00
SKIN,sell,3.6,2024-03-18 09:30:00
SKIN,sell,3.63,2024-03-19 09:30:00
SKIN,sell,3.93,2024-03-20 09:30:00
SKIN,sell,4.42,2024-03-21 09:30:00
SKIN,buy,4.43,2024-03-22 09:30:00
CCEP,sell,70.74,2024-03-11 09:30:00
CCEP,sell,71.44,2024-03-12 09:30:00
CCEP,sell,71.72,2024-03-13 09:30:00
CCEP,buy,72.26,2024-03-14 09:30:00
CCEP,buy,71.665,2024-03-15 09:30:00
CCEP,sell,70.915,2024-03-18 09:30:00
CCEP,buy,71.39,2024-03-19 09:30:00
CCEP,sell,70.7,2024-03-20 09:30:00
CCEP,buy,71.9,2024-03-21 09:30:00
CCEP,buy,71.94,2024-03-22 09:30:00
WMK,buy,65.66,2024-03-11 09:30:00
WMK,buy,64.23,2024-03-18 09:30:00
WMK,buy,63.58,2024-03-19 09:30:00
JJSF,buy,143.61,2024-03-14 09:30:00
TAP,sell,64.63,2024-03-11 09:30:00
TAP,sell,65.83,2024-03-12 09:30:00
TAP,sell,65.835,2024-03-13 09:30:00
TAP,sell,65.93,2024-03-14 09:30:00
TAP,sell,65.98,2024-03-15 09:30:00
TAP,sell,67.07,2024-03-18 09:30:00
TAP,sell,67.37,2024-03-19 09:30:00
TAP,buy,68.07,2024-03-20 09:30:00
TAP,sell,66.795,2024-03-21 09:30:00
TAP,sell,67.24,2024-03-22 09:30:00
VGR,sell,11.15,2024-03-12 09:30:00
VGR,buy,11.28,2024-03-13 09:30:00
VGR,buy,11.115,2024-03-14 09:30:00
VGR,sell,10.72,2024-03-15 09:30:00
VGR,sell,10.77,2024-03-18 09:30:00
VGR,sell,10.7,2024-03-19 09:30:00
VGR,buy,10.8,2024-03-20 09:30:00
VGR,sell,10.9,2024-03-21 09:30:00
VGR,buy,11.03,2024-03-22 09:30:00
BTOG,sell,4.5,2024-03-12 09:30:00
BTOG,buy,4.475,2024-03-13 09:30:00
BTOG,sell,3.9,2024-03-14 09:30:00
BTOG,sell,4.5,2024-03-18 09:30:00
BRSH,sell,0.0485,2024-03-11 09:30:00
BRSH,sell,0.0528,2024-03-12 09:30:00
BRSH,buy,0.0511,2024-03-13 09:30:00
BRSH,buy,0.0532,2024-03-14 09:30:00
BRSH,sell,0.0539,2024-03-15 09:30:00
BRSH,sell,0.0504,2024-03-19 09:30:00
BRSH,buy,0.053899,2024-03-20 09:30:00
BRSH,sell,0.0537,2024-03-21 09:30:00
BRSH,sell,0.0542,2024-03-22 09:30:00
MAMA,buy,5.02,2024-03-11 09:30:00
MAMA,sell,4.89,2024-03-12 09:30:00
MAMA,buy,5.11,2024-03-14 09:30:00
MAMA,sell,4.99,2024-03-15 09:30:00
MAMA,buy,5.09,2024-03-18 09:30:00
MAMA,sell,4.99,2024-03-19 09:30:00
MAMA,buy,5.02,2024-03-20 09:30:00
MAMA,buy,5.02,2024-03-21 09:30:00
MAMA,sell,4.89,2024-03-22 09:30:00
NATR,sell,18.5765,2024-03-13 09:30:00
NATR,buy,20.395,2024-03-14 09:30:00
TCTM,sell,2.1,2024-03-20 09:34:00
TCTM,sell,2.59,2024-03-22 09:33:00
XXII,buy,0.14,2024-03-11 09:30:00
XXII,buy,0.145,2024-03-12 09:30:00
XXII,buy,0.1381,2024-03-13 09:30:00
XXII,buy,0.137,2024-03-14 09:30:00
XXII,buy,0.1345,2024-03-15 09:30:00
XXII,buy,0.13,2024-03-18 09:30:00
XXII,sell,0.1222,2024-03-19 09:30:00
XXII,sell,0.132599,2024-03-20 09:30:00
XXII,buy,0.13965,2024-03-21 09:30:00
XXII,buy,0.134,2024-03-22 09:30:00
EDBL,buy,0.393,2024-03-12 09:33:00
EDBL,sell,0.3461,2024-03-13 09:30:00
EDBL,buy,0.351,2024-03-15 09:30:00
EDBL,buy,0.34,2024-03-18 09:30:00
EDBL,buy,0.336,2024-03-19 09:30:00
EDBL,sell,0.3008,2024-03-20 09:30:00
EDBL,buy,0.3153,2024-03-21 09:34:00
EDBL,buy,0.31,2024-03-22 09:30:00
PEP,buy,164.09,2024-03-11 09:30:00
PEP,sell,164.68,2024-03-12 09:30:00
PEP,sell,165.14,2024-03-13 09:30:00
PEP,buy,165.82,2024-03-14 09:30:00
PEP,buy,164.73,2024-03-15 09:30:00
PEP,sell,167.06,2024-03-18 09:30:00
PEP,sell,171.7,2024-03-19 09:30:00
PEP,buy,172.7799,2024-03-20 09:30:00
PEP,sell,171.725,2024-03-21 09:30:00
PEP,buy,172.54,2024-03-22 09:30:00
BTTR,buy,0.1379,2024-03-11 09:30:00
BTTR,buy,0.1224,2024-03-12 09:30:00
BTTR,sell,0.126,2024-03-13 09:30:00
BTTR,sell,0.1303,2024-03-14 09:30:00
BTTR,buy,0.1429,2024-03-15 09:30:00
BTTR,sell,0.145,2024-03-18 09:30:00
BTTR,sell,6.5516,2024-03-19 09:30:00
BTTR,sell,7.216,2024-03-20 09:30:00
STKL,sell,6.745,2024-03-11 09:30:00
STKL,sell,6.77,2024-03-12 09:30:00
STKL,buy,6.88,2024-03-13 09:30:00
STKL,buy,7.015,2024-03-14 09:30:00
STKL,buy,6.97,2024-03-15 09:30:00
STKL,sell,6.85,2024-03-18 09:30:00
STKL,buy,6.88,2024-03-19 09:30:00
STKL,buy,6.71,2024-03-20 09:30:00
STKL,sell,6.6238,2024-03-21 09:30:00
STKL,buy,6.655,2024-03-22 09:30:00
TWOU,buy,0.4368,2024-03-11 09:30:00
TWOU,buy,0.39,2024-03-12 09:30:00
TWOU,buy,0.38245,2024-03-13 09:30:00
TWOU,buy,0.36395,2024-03-14 09:30:00
TWOU,buy,0.363,2024-03-15 09:30:00
TWOU,buy,0.3601,2024-03-18 09:30:00
TWOU,sell,0.3253,2024-03-19 09:30:00
TWOU,buy,0.3856,2024-03-20 09:30:00
TWOU,buy,0.41,2024-03-21 09:30:00
TWOU,buy,0.4,2024-03-22 09:30:00
GNLN,sell,0.54,2024-03-22 09:30:00
STRA,buy,100.88,2024-03-15 09:30:00
STRA,sell,101.03,2024-03-20 09:30:00
VWE,buy,0.5433,2024-03-13 09:30:00
CLEU,buy,1.21,2024-03-11 09:30:00
VFF,buy,0.722399,2024-03-12 09:30:00
VFF,sell,0.6215,2024-03-13 09:30:00
VFF,buy,0.710051,2024-03-14 09:30:00
VFF,sell,0.715,2024-03-15 09:30:00
VFF,sell,0.7627,2024-03-18 09:30:00
VFF,buy,0.8658,2024-03-19 09:30:00
VFF,sell,0.915,2024-03-20 09:30:00
VFF,buy,0.98,2024-03-21 09:30:00
VFF,sell,1.0,2024-03-22 09:30:00
LSF,buy,1.24,2024-03-13 09:30:00
LSF,sell,1.99,2024-03-14 09:30:00
LSF,sell,2.1203,2024-03-15 09:30:00
LSF,buy,3.26,2024-03-18 09:30:00
LSF,buy,2.73,2024-03-19 09:30:00
LSF,sell,2.3,2024-03-20 09:30:00
LSF,sell,2.86,2024-03-21 09:30:00
LSF,buy,3.12,2024-03-22 09:30:00
PPC,sell,32.62,2024-03-11 09:30:00
PPC,sell,32.8,2024-03-12 09:30:00
PPC,buy,33.54,2024-03-13 09:30:00
PPC,sell,32.93,2024-03-14 09:30:00
PPC,sell,33.78,2024-03-15 09:30:00
PPC,buy,33.88,2024-03-18 09:30:00
PPC,buy,33.8,2024-03-19 09:30:00
PPC,sell,33.3074,2024-03-20 09:30:00
PPC,sell,33.845,2024-03-21 09:30:00
PPC,sell,34.05,2024-03-22 09:30:00
RGF,buy,0.690101,2024-03-11 09:30:00
RGF,buy,0.5984,2024-03-12 09:30:00
RGF,buy,0.5862,2024-03-14 09:30:00
RGF,buy,0.479,2024-03-15 09:30:00
RGF,sell,0.45,2024-03-18 09:30:00
RGF,buy,0.4936,2024-03-19 09:30:00
RGF,buy,0.43005,2024-03-20 09:30:00
RGF,buy,0.3247,2024-03-21 09:30:00
RGF,sell,0.32,2024-03-22 09:30:00
QSG,sell,2.64,2024-03-11 09:30:00
QSG,sell,3.08,2024-03-15 09:30:00
QSG,buy,3.18,2024-03-18 09:30:00
QSG,buy,3.36,2024-03-19 09:30:00
QSG,sell,3.25,2024-03-20 09:30:00
QSG,sell,3.61,2024-03-21 09:30:00
QSG,buy,3.8,2024-03-22 09:30:00
NWL,buy,7.82,2024-03-11 09:30:00
NWL,sell,7.49,2024-03-12 09:30:00
NWL,sell,7.6425,2024-03-13 09:30:00
NWL,buy,7.77,2024-03-14 09:30:00
NWL,sell,7.77,2024-03-15 09:30:00
NWL,sell,7.97,2024-03-18 09:30:00
NWL,buy,7.56,2024-03-19 09:30:00
NWL,sell,7.615,2024-03-20 09:30:00
NWL,buy,7.795,2024-03-21 09:30:00
NWL,buy,7.68,2024-03-22 09:30:00
DTCK,sell,1.22,2024-03-11 09:30:00
WEST,buy,9.4,2024-03-11 09:30:00
WEST,buy,9.34,2024-03-12 09:30:00
WEST,sell,9.13,2024-03-13 09:30:00
WEST,buy,10.4,2024-03-14 09:30:00
WEST,buy,9.8,2024-03-15 09:30:00
WEST,sell,9.75,2024-03-19 09:30:00
WEST,sell,9.83,2024-03-20 09:30:00
WEST,sell,10.01,2024-03-21 09:30:00
SBEV,buy,0.5805,2024-03-13 09:30:00
SBEV,buy,0.5126,2024-03-15 09:30:00
SBEV,sell,0.4701,2024-03-20 09:30:00
GNS,buy,0.3401,2024-03-11 09:30:00
GNS,buy,0.3141,2024-03-12 09:30:00
GNS,buy,0.31,2024-03-13 09:30:00
GNS,buy,0.295,2024-03-14 09:30:00
GNS,buy,0.4135,2024-03-15 09:30:00
GNS,sell,0.44,2024-03-18 09:30:00
GNS,buy,0.60575,2024-03-19 09:30:00
GNS,sell,0.5107,2024-03-20 09:30:00
GNS,buy,0.585,2024-03-21 09:30:00
GNS,buy,0.4799,2024-03-22 09:30:00
